Date,Time,Event
2025-03-10,13:05:50,Access Log Requested
2025-03-10,13:05:50,Access Log Requested
2025-03-10,13:06:12,Access Log Requested
2025-03-10,13:23:51,Access Log Requested
2025-03-10,13:25:03,Access Log Requested
2025-03-10,13:23:51,Access Log Requested
2025-03-10,13:25:03,Access Log Requested
2025-03-10,13:25:41,Access Log Requested
2025-03-10,13:23:51,Access Log Requested
2025-03-10,13:25:03,Access Log Requested
2025-03-10,13:25:41,Access Log Requested
2025-03-10,13:26:54,Access Log Requested
2025-03-10,13:05:50,Access Log Requested
2025-03-10,13:06:12,Access Log Requested
2025-03-10,13:29:08,Access Log Requested
2025-03-10,13:23:51,Access Log Requested
2025-03-10,13:25:03,Access Log Requested
2025-03-10,13:25:41,Access Log Requested
2025-03-10,13:26:54,Access Log Requested
2025-03-10,13:31:56,Access Log Requested
2025-03-10,13:23:51,Access Log Requested
2025-03-10,13:25:03,Access Log Requested
2025-03-10,13:25:41,Access Log Requested
2025-03-10,13:26:54,Access Log Requested
2025-03-10,13:31:56,Access Log Requested
2025-03-10,13:33:02,Access Log Requested
